zip_code,data_granularity,metric_window,currency,active_listings,estimated_monthly_revenue_usd,occupancy_rate_pct,average_daily_rate_usd,studio_estimated_monthly_revenue_usd,studio_occupancy_rate_pct,studio_average_daily_rate_usd,one_bed_estimated_monthly_revenue_usd,one_bed_occupancy_rate_pct,one_bed_average_daily_rate_usd,two_bed_estimated_monthly_revenue_usd,two_bed_occupancy_rate_pct,two_bed_average_daily_rate_usd,three_bed_estimated_monthly_revenue_usd,three_bed_occupancy_rate_pct,three_bed_average_daily_rate_usd,four_bed_estimated_monthly_revenue_usd,four_bed_occupancy_rate_pct,four_bed_average_daily_rate_usd
94501,zip_code_aggregate,rolling_30_day_avg,USD,1047,1112.34,26,159,935.312,28,123,1115.07,29.0,141.0,1273.24,26,182,1090.13,17.0,256.0,1479.47,19.0,304.0
94502,zip_code_aggregate,rolling_30_day_avg,USD,164,1296.66,24,203,1644.02,50,115,1126.33,26.0,161.0,1215.15,20,235,1494.68,24.0,234.0,,,
94536,zip_code_aggregate,rolling_30_day_avg,USD,421,1473.38,31,173,1387.0,33,152,1013.48,31.0,119.0,1575.58,31,185,1728.88,32.0,196.0,2810.5,27.0,385.0
94537,zip_code_aggregate,rolling_30_day_avg,USD,161,451.688,18,99,354.05,15,97,866.875,33.0,95.0,895.467,26,128,1168.0,18.0,256.0,,,
94538,zip_code_aggregate,rolling_30_day_avg,USD,358,1111.43,21,203,1163.44,48,85,530.162,24.0,83.0,1502.58,29,190,889.688,16.0,225.0,1227.31,18.0,269.0
94541,zip_code_aggregate,rolling_30_day_avg,USD,133,768.933,19,158,734.562,24,115,874.479,28.0,115.0,730.0,18,160,569.4,12.0,208.0,827.333,13.0,272.0
94546,zip_code_aggregate,rolling_30_day_avg,USD,112,602.25,15,165,1074.93,34,114,809.083,23.0,133.0,539.287,12,197,703.233,11.0,289.0,802.696,10.0,377.0
94555,zip_code_aggregate,rolling_30_day_avg,USD,111,1746.53,21,319,885.125,33,97,2372.5,53.0,156.0,773.8,11,318,1111.12,16.0,281.0,2056.17,23.0,338.0
94577,zip_code_aggregate,rolling_30_day_avg,USD,703,1190.81,32,135,1216.36,34,129,1105.95,39.0,101.0,675.25,15,185,1787.28,29.0,226.0,4004.66,32.0,454.0
94578,zip_code_aggregate,rolling_30_day_avg,USD,220,525.904,16,133,262.8,11,108,450.775,16.0,114.0,1036.6,27,142,985.5,21.0,180.0,,,
94580,zip_code_aggregate,rolling_30_day_avg,USD,149,700.8,19,144,1520.83,43,125,608.942,25.0,91.0,478.454,14,143,462.029,10.0,217.0,112.542,4.0,370.0
94601,zip_code_aggregate,rolling_30_day_avg,USD,881,603.467,19,124,439.521,20,85,755.55,26.0,108.0,438.0,12,160,760.417,13.0,250.0,234.817,5.0,386.0
94602,zip_code_aggregate,rolling_30_day_avg,USD,2402,826.421,22,143,530.467,19,109,934.4,27.0,128.0,991.583,23,163,486.667,11.0,200.0,1282.06,18.0,281.0
94606,zip_code_aggregate,rolling_30_day_avg,USD,886,689.85,21,126,1482.81,42,125,1150.36,34.0,122.0,282.875,9,155,2313.19,68.0,117.0,4790.62,38.0,450.0
94607,zip_code_aggregate,rolling_30_day_avg,USD,375,859.271,28,113,698.367,31,82,1222.75,33.0,134.0,1219.1,27,167,1927.2,35.0,198.0,4060.02,50.0,284.0
94608,zip_code_aggregate,rolling_30_day_avg,USD,255,788.4,19,162,-75.7375,0,83,608.333,19.0,125.0,684.071,16,173,324.85,7.0,267.0,1411.33,23.0,232.0
94611,zip_code_aggregate,rolling_30_day_avg,USD,393,932.575,24,146,1199.03,30,146,839.5,23.0,138.0,1773.29,25,265,1486.77,16.0,376.0,771.062,16.0,195.0
94613,zip_code_aggregate,rolling_30_day_avg,USD,1668,881.475,26,126,485.45,22,84,944.438,30.0,115.0,876.0,23,144,985.5,18.0,216.0,1207.24,24.0,189.0
94615,zip_code_aggregate,rolling_30_day_avg,USD,535,410.625,13,135,543.242,22,94,317.55,12.0,116.0,406.367,11,167,284.396,8.0,187.0,3643.31,56.0,226.0
94618,zip_code_aggregate,rolling_30_day_avg,USD,174,1026.56,28,135,642.4,25,96,1222.75,33.0,134.0,-254.587,0,279,3582.48,29.0,453.0,6925.88,36.0,690.0
94619,zip_code_aggregate,rolling_30_day_avg,USD,719,730.0,19,150,307.208,13,101,1199.63,32.0,136.0,925.275,21,169,212.613,6.0,233.0,2053.73,19.0,422.0
94621,zip_code_aggregate,rolling_30_day_avg,USD,476,811.213,24,127,1105.95,39,101,862.312,30.0,105.0,711.75,21,130,752.812,18.0,165.0,979.417,17.0,230.0
94702,zip_code_aggregate,rolling_30_day_avg,USD,1010,1460.0,35,150,1309.44,44,105,1618.17,41.0,140.0,1475.21,28,194,1435.67,19.0,295.0,784.75,9.0,430.0
94703,zip_code_aggregate,rolling_30_day_avg,USD,782,1162.53,29,147,1423.5,39,130,1060.93,35.0,109.0,988.237,22,171,2290.38,33.0,251.0,1852.38,24.0,290.0
94704,zip_code_aggregate,rolling_30_day_avg,USD,256,1533.0,39,140,3191.32,89,122,1860.89,49.0,133.0,912.5,23,150,3713.88,40.0,330.0,,,
94706,zip_code_aggregate,rolling_30_day_avg,USD,128,2080.5,48,152,2325.05,81,98,1525.7,36.0,152.0,3328.8,51,228,,,,,,
94707,zip_code_aggregate,rolling_30_day_avg,USD,768,1877.01,36,187,1696.34,42,143,1898.0,43.0,156.0,2666.93,35,274,2028.79,26.0,290.0,1569.5,27.0,215.0
94708,zip_code_aggregate,rolling_30_day_avg,USD,463,2562.3,57,156,2746.02,64,148,2129.17,53.0,140.0,4491.33,72,214,3743.68,37.0,362.0,4062.75,40.0,361.0
94709,zip_code_aggregate,rolling_30_day_avg,USD,237,2950.11,64,159,2836.05,66,148,2682.75,66.0,140.0,4803.4,59,282,2947.38,37.0,285.0,5561.08,50.0,389.0
94710,zip_code_aggregate,rolling_30_day_avg,USD,529,1527.53,34,162,1186.25,29,150,1186.25,33.0,130.0,2006.28,37,194,1234.92,23.0,203.0,-365.0,0.0,400.0
95685,zip_code_aggregate,rolling_30_day_avg,USD,108,1606.61,22,278,1508.36,32,171,771.062,18.0,169.0,523.775,10,246,2134.64,25.0,319.0,1989.25,18.0,436.0
95926,zip_code_aggregate,rolling_30_day_avg,USD,245,856.533,25,128,1064.58,38,100,1031.73,35.0,106.0,1770.86,44,142,719.05,15.0,197.0,1405.25,24.0,220.0
95928,zip_code_aggregate,rolling_30_day_avg,USD,298,875.088,24,137,838.283,29,106,882.083,28.0,116.0,843.15,21,154,716.008,14.0,214.0,748.25,13.0,246.0
95222,zip_code_aggregate,rolling_30_day_avg,USD,103,1160.7,21,212,1393.69,32,158,930.75,21.0,170.0,898.508,17,211,1385.18,21.0,253.0,1732.23,20.0,335.0
95223,zip_code_aggregate,rolling_30_day_avg,USD,1100,1098.65,17,258,1525.7,25,228,661.867,19.0,136.0,953.562,18,209,976.679,16.0,247.0,1261.38,16.0,319.0
95247,zip_code_aggregate,rolling_30_day_avg,USD,206,712.967,11,293,1499.24,34,159,982.458,22.0,170.0,766.5,13,252,457.771,8.0,301.0,792.05,10.0,372.0
95950,zip_code_aggregate,rolling_30_day_avg,USD,153,3701.1,75,169,2463.75,78,108,2258.44,78.0,99.0,3349.18,80,143,4066.71,73.0,191.0,4216.36,61.0,239.0
94516,zip_code_aggregate,rolling_30_day_avg,USD,180,870.525,21,159,1314.0,39,120,641.183,20.0,124.0,118.625,4,390,,,,1724.62,21.0,315.0
94519,zip_code_aggregate,rolling_30_day_avg,USD,121,963.6,21,176,1324.95,36,132,790.833,23.0,130.0,974.55,21,178,2346.34,32.0,266.0,732.433,10.0,344.0
94520,zip_code_aggregate,rolling_30_day_avg,USD,193,1329.21,22,230,1834.73,55,116,452.6,15.0,124.0,1411.94,25,211,1793.37,25.0,268.0,755.854,10.0,355.0
94523,zip_code_aggregate,rolling_30_day_avg,USD,570,993.408,26,142,1206.93,35,124,651.525,20.0,126.0,1391.56,28,183,187.367,5.0,308.0,-165.163,0.0,181.0
94530,zip_code_aggregate,rolling_30_day_avg,USD,731,1368.75,33,150,1491.03,41,129,1304.88,36.0,130.0,2224.98,38,209,1311.87,22.0,227.0,2371.59,26.0,339.0
94549,zip_code_aggregate,rolling_30_day_avg,USD,420,2007.8,44,161,1181.69,40,105,1750.18,45.0,137.0,2531.58,44,203,2095.1,27.0,287.0,,,
94553,zip_code_aggregate,rolling_30_day_avg,USD,232,1623.03,32,184,319.375,10,150,1902.56,48.0,139.0,2230.76,41,193,1919.9,27.0,263.0,539.287,12.0,197.0
94595,zip_code_aggregate,rolling_30_day_avg,USD,151,1287.23,26,184,1766.6,47,132,1437.8,32.0,163.0,1189.29,20,230,6073.6,55.0,384.0,,,
94596,zip_code_aggregate,rolling_30_day_avg,USD,404,1954.57,37,189,1439.32,29,182,1976.47,41.0,171.0,2376.15,39,217,2124.3,27.0,291.0,4041.77,47.0,302.0
94597,zip_code_aggregate,rolling_30_day_avg,USD,372,1897.09,36,189,1178.34,29,149,2478.96,53.0,163.0,1615.12,33,177,1658.62,22.0,287.0,2920.91,36.0,291.0
94801,zip_code_aggregate,rolling_30_day_avg,USD,292,1083.44,29,137,1199.63,32,136,1085.88,33.0,119.0,963.6,25,144,1825.91,32.0,207.0,952.65,15.0,261.0
94803,zip_code_aggregate,rolling_30_day_avg,USD,150,1099.26,29,139,1226.4,45,96,834.633,31.0,98.0,757.375,18,166,534.421,10.0,251.0,2706.17,34.0,287.0
94804,zip_code_aggregate,rolling_30_day_avg,USD,600,1051.2,27,144,488.188,18,107,1174.39,36.0,117.0,1133.32,26,162,902.767,17.0,212.0,1334.99,24.0,209.0
94805,zip_code_aggregate,rolling_30_day_avg,USD,358,1014.7,27,139,1203.28,46,92,866.875,28.0,114.0,1156.14,24,181,501.267,11.0,206.0,991.583,13.0,326.0
94806,zip_code_aggregate,rolling_30_day_avg,USD,245,874.479,28,115,744.6,27,102,1022.0,38.0,96.0,882.083,28,116,635.1,12.0,232.0,630.233,10.0,296.0
95531,zip_code_aggregate,rolling_30_day_avg,USD,505,1406.16,26,201,1571.32,44,126,1505.62,36.0,150.0,1494.68,30,182,1264.72,21.0,231.0,1170.43,16.0,296.0
95667,zip_code_aggregate,rolling_30_day_avg,USD,110,1469.12,33,161,1594.75,52,107,1537.26,41.0,133.0,1117.81,24,175,1686.0,26.0,241.0,2593.93,29.0,328.0
96150,zip_code_aggregate,rolling_30_day_avg,USD,798,1456.35,17,342,1134.24,36,113,1799.15,38.0,169.0,1211.8,19,249,1265.33,16.0,320.0,1633.07,16.0,413.0
96151,zip_code_aggregate,rolling_30_day_avg,USD,202,1264.72,17,297,1070.67,23,176,423.4,9.0,232.0,600.425,9,329,2876.2,27.0,394.0,1149.75,10.0,540.0
93664,zip_code_aggregate,rolling_30_day_avg,USD,309,662.171,10,311,501.875,13,165,816.992,20.0,158.0,554.8,11,228,465.375,8.0,306.0,900.638,10.0,423.0
95501,zip_code_aggregate,rolling_30_day_avg,USD,136,1671.09,44,134,1236.74,41,107,1739.83,58.0,104.0,1660.75,38,156,2130.38,37.0,206.0,731.521,16.0,185.0
95503,zip_code_aggregate,rolling_30_day_avg,USD,358,1355.06,30,165,2022.4,64,109,1090.13,31.0,128.0,1518.1,34,161,1576.8,27.0,216.0,1318.87,19.0,271.0
95521,zip_code_aggregate,rolling_30_day_avg,USD,239,1469.73,35,151,1294.84,36,129,1255.6,35.0,129.0,1752.0,39,160,1722.8,35.0,177.0,2098.75,28.0,276.0
92243,zip_code_aggregate,rolling_30_day_avg,USD,109,745.513,22,129,1086.48,41,94,618.371,22.0,107.0,1299.4,27,178,1073.1,21.0,196.0,1288.75,22.0,223.0
93301,zip_code_aggregate,rolling_30_day_avg,USD,363,815.167,23,134,602.25,21,110,1085.88,37.0,105.0,875.088,24,137,1034.17,23.0,170.0,1158.27,20.0,224.0
93304,zip_code_aggregate,rolling_30_day_avg,USD,463,1067.32,32,121,1321.6,58,79,930.75,33.0,102.0,1034.78,30,126,472.067,11.0,194.0,980.025,21.0,179.0
93305,zip_code_aggregate,rolling_30_day_avg,USD,116,848.625,21,155,210.788,12,77,923.45,36.0,92.0,832.2,21,152,853.188,20.0,165.0,842.846,20.0,163.0
93306,zip_code_aggregate,rolling_30_day_avg,USD,211,830.375,24,130,2129.17,43,175,689.85,30.0,84.0,902.463,26,129,807.562,18.0,177.0,1206.93,19.0,248.0
93308,zip_code_aggregate,rolling_30_day_avg,USD,110,1362.67,31,160,1388.52,58,83,627.8,27.0,86.0,584.0,18,128,2171.75,38.0,204.0,1373.31,24.0,215.0
93309,zip_code_aggregate,rolling_30_day_avg,USD,509,1184.43,25,177,1506.54,42,127,669.167,25.0,100.0,978.2,27,134,1365.1,25.0,204.0,1085.88,17.0,255.0
93311,zip_code_aggregate,rolling_30_day_avg,USD,492,1138.5,22,197,640.575,29,81,595.558,25.0,89.0,1196.29,26,171,558.45,12.0,204.0,1358.1,22.0,235.0
93312,zip_code_aggregate,rolling_30_day_avg,USD,855,1254.08,22,217,170.333,10,80,796.308,25.0,119.0,1264.72,30,154,1129.07,19.0,232.0,1649.8,27.0,226.0
93313,zip_code_aggregate,rolling_30_day_avg,USD,375,771.062,16,195,706.883,31,83,479.062,18.0,105.0,653.35,15,179,705.971,14.0,211.0,736.083,14.0,220.0
93314,zip_code_aggregate,rolling_30_day_avg,USD,153,1757.47,30,214,755.55,30,92,1125.42,40.0,100.0,1494.68,42,126,1567.07,35.0,161.0,1473.69,22.0,255.0
93230,zip_code_aggregate,rolling_30_day_avg,USD,107,1052.42,23,173,1226.7,40,109,854.1,29.0,108.0,826.421,22,143,1007.4,19.0,207.0,996.45,17.0,234.0
95422,zip_code_aggregate,rolling_30_day_avg,USD,131,596.167,13,196,222.65,7,183,455.033,14.0,136.0,889.688,18,195,737.3,11.0,303.0,958.125,12.0,350.0
95451,zip_code_aggregate,rolling_30_day_avg,USD,115,660.042,13,217,438.0,11,180,602.25,14.0,180.0,610.463,12,223,833.112,14.0,249.0,-3.41061e-13,3.0,349.0
95464,zip_code_aggregate,rolling_30_day_avg,USD,121,1073.1,24,168,862.312,24,135,821.25,23.0,135.0,822.467,19,169,1658.32,32.0,188.0,,,
96137,zip_code_aggregate,rolling_30_day_avg,USD,306,1293.01,16,327,778.667,19,160,845.583,13.0,278.0,1260.47,19,259,1293.01,16.0,327.0,1703.33,17.0,400.0
90018,zip_code_aggregate,rolling_30_day_avg,USD,161,1126.94,18,247,2176.01,52,146,1490.42,38.0,140.0,1505.62,25,225,869.917,14.0,260.0,312.075,6.0,342.0
90019,zip_code_aggregate,rolling_30_day_avg,USD,182,1039.95,16,263,2215.85,50,155,936.833,23.0,154.0,1077.36,17,253,820.033,11.0,337.0,968.771,16.0,245.0
90022,zip_code_aggregate,rolling_30_day_avg,USD,273,666.125,18,146,624.15,21,114,789.617,25.0,118.0,430.7,11,177,907.938,18.0,199.0,505.525,9.0,277.0
90025,zip_code_aggregate,rolling_30_day_avg,USD,142,1644.32,20,318,1929.94,48,141,1300.31,22.0,225.0,2294.33,22,397,1161.92,13.0,382.0,1200.85,9.0,658.0
90026,zip_code_aggregate,rolling_30_day_avg,USD,564,1251.95,17,294,1023.83,25,153,1533.0,27.0,210.0,1380.61,20,267,1059.41,12.0,387.0,979.417,10.0,460.0
90039,zip_code_aggregate,rolling_30_day_avg,USD,265,2098.75,23,345,958.125,18,210,1763.56,29.0,223.0,2317.75,23,381,2199.12,18.0,482.0,3120.75,22.0,540.0
90041,zip_code_aggregate,rolling_30_day_avg,USD,213,1646.15,36,164,1912.6,51,131,2310.15,52.0,155.0,1231.27,19,253,2395.62,25.0,358.0,1635.2,19.0,336.0
90042,zip_code_aggregate,rolling_30_day_avg,USD,277,1722.8,27,236,1715.5,43,141,1464.87,31.0,172.0,1849.33,23,304,2462.53,19.0,506.0,1584.1,15.0,434.0
90043,zip_code_aggregate,rolling_30_day_avg,USD,337,907.938,18,199,874.479,26,125,1072.19,28.0,141.0,1171.65,21,214,955.083,13.0,314.0,1456.35,17.0,342.0
90044,zip_code_aggregate,rolling_30_day_avg,USD,165,1204.5,23,198,979.112,32,111,1214.54,36.0,121.0,1022.0,19,210,1666.83,23.0,274.0,1104.12,14.0,330.0
90045,zip_code_aggregate,rolling_30_day_avg,USD,266,1764.17,23,290,1972.82,49,141,1428.97,30.0,174.0,1130.89,16,286,1343.2,15.0,368.0,3819.73,24.0,598.0
90046,zip_code_aggregate,rolling_30_day_avg,USD,508,684.375,12,250,1098.35,26,157,921.625,18.0,202.0,757.375,13,249,882.083,8.0,580.0,-787.487,0.0,863.0
90047,zip_code_aggregate,rolling_30_day_avg,USD,217,1275.68,21,233,2261.18,45,177,1432.62,33.0,157.0,1225.49,20,237,1188.07,17.0,279.0,956.3,11.0,393.0
90048,zip_code_aggregate,rolling_30_day_avg,USD,213,1625.47,19,334,542.938,18,119,965.121,22.0,167.0,1362.67,17,320,1677.78,17.0,394.0,3304.16,20.0,639.0
90053,zip_code_aggregate,rolling_30_day_avg,USD,126,773.8,15,212,755.55,15,207,552.975,12.0,202.0,1024.13,16,259,2119.43,29.0,268.0,1715.5,33.0,188.0
90056,zip_code_aggregate,rolling_30_day_avg,USD,143,999.188,18,219,832.2,19,171,682.55,15.0,187.0,1533.0,24,240,1091.35,15.0,299.0,2761.83,23.0,454.0
90058,zip_code_aggregate,rolling_30_day_avg,USD,661,605.9,11,249,629.625,13,207,563.925,12.0,206.0,739.733,11,304,496.4,9.0,272.0,-100.679,2.0,331.0
90059,zip_code_aggregate,rolling_30_day_avg,USD,121,813.342,17,191,893.642,29,113,498.225,17.0,117.0,662.475,14,198,1032.04,16.0,261.0,,,
90063,zip_code_aggregate,rolling_30_day_avg,USD,559,934.4,19,192,1371.49,30,167,855.317,22.0,148.0,1029.0,20,199,807.562,12.0,295.0,647.267,10.0,304.0
90065,zip_code_aggregate,rolling_30_day_avg,USD,135,1490.11,26,213,1376.05,29,174,2406.57,49.0,172.0,1271.11,24,199,1763.56,16.0,446.0,2893.54,24.0,453.0
90068,zip_code_aggregate,rolling_30_day_avg,USD,541,1014.7,11,417,1144.28,21,209,958.125,17.0,225.0,894.25,10,420,879.65,9.0,482.0,1029.6,8.0,677.0
90069,zip_code_aggregate,rolling_30_day_avg,USD,296,658.825,9,361,939.875,18,206,1225.49,20.0,237.0,1980.12,18,434,251.242,4.0,826.0,-792.963,0.0,869.0
90201,zip_code_aggregate,rolling_30_day_avg,USD,175,702.625,17,165,1204.5,33,132,608.942,16.0,154.0,653.958,13,215,1980.12,24.0,310.0,1456.35,22.0,252.0
90210,zip_code_aggregate,rolling_30_day_avg,USD,134,1.13687e-13,3,695,-50.1875,2,165,1000.71,17.0,235.0,369.258,5,607,1899.82,12.0,694.0,-864.138,0.0,947.0
90211,zip_code_aggregate,rolling_30_day_avg,USD,412,854.1,15,234,761.938,18,167,479.062,12.0,175.0,876.608,14,262,1460.0,19.0,300.0,2228.63,20.0,431.0
90212,zip_code_aggregate,rolling_30_day_avg,USD,154,695.933,14,208,1228.83,23,202,655.783,14.0,196.0,809.083,13,266,2329.92,23.0,383.0,912.5,8.0,600.0
90230,zip_code_aggregate,rolling_30_day_avg,USD,201,1259.86,22,218,1107.17,29,140,1253.17,23.0,206.0,1286.62,21,235,1040.25,15.0,285.0,,,
90232,zip_code_aggregate,rolling_30_day_avg,USD,384,869.917,16,220,1067.62,21,195,1213.62,24.0,190.0,758.287,12,277,1026.56,12.0,375.0,742.167,7.0,610.0
90247,zip_code_aggregate,rolling_30_day_avg,USD,149,1043.9,25,156,742.775,25,111,1324.95,39.0,121.0,469.633,11,193,673.425,12.0,246.0,2586.02,29.0,327.0
90249,zip_code_aggregate,rolling_30_day_avg,USD,237,897.9,21,164,1665.62,40,148,992.8,27.0,136.0,980.025,21,179,1268.38,18.0,278.0,1273.85,15.0,349.0
90250,zip_code_aggregate,rolling_30_day_avg,USD,640,1224.57,25,183,1259.25,33,138,1209.37,31.0,142.0,1184.73,22,205,1704.85,22.0,295.0,3683.76,36.0,367.0
90254,zip_code_aggregate,rolling_30_day_avg,USD,308,1304.88,18,286,368.65,9,202,832.2,15.0,228.0,2132.51,22,369,3302.34,24.0,517.0,,,
90260,zip_code_aggregate,rolling_30_day_avg,USD,326,1317.65,22,228,1553.07,40,138,1377.88,33.0,151.0,1565.85,29,198,1149.75,18.0,252.0,1068.84,17.0,251.0
90265,zip_code_aggregate,rolling_30_day_avg,USD,210,780.188,8,513,992.8,15,272,1073.71,13.0,353.0,945.35,10,444,219.304,4.0,721.0,-793.875,0.0,870.0
90266,zip_code_aggregate,rolling_30_day_avg,USD,657,1724.62,17,405,832.2,15,228,1382.13,19.0,284.0,1898.0,18,416,2584.2,15.0,708.0,2176.31,12.0,795.0
90277,zip_code_aggregate,rolling_30_day_avg,USD,759,1706.38,25,255,1615.12,33,177,1503.8,27.0,206.0,1900.43,25,284,2808.68,22.0,486.0,2652.64,20.0,513.0
90278,zip_code_aggregate,rolling_30_day_avg,USD,210,782.925,14,234,85.1667,5,140,455.033,14.0,136.0,330.021,8,217,1460.0,19.0,300.0,2253.27,19.0,463.0
90280,zip_code_aggregate,rolling_30_day_avg,USD,313,1211.8,27,166,869.917,29,110,1352.02,38.0,127.0,726.35,15,199,699.583,13.0,230.0,,,
90290,zip_code_aggregate,rolling_30_day_avg,USD,472,1031.12,18,226,759.2,15,208,992.8,20.0,192.0,1202.07,16,304,1580.45,15.0,433.0,2544.05,20.0,492.0
90301,zip_code_aggregate,rolling_30_day_avg,USD,122,1199.03,21,219,1254.08,34,133,1070.67,25.0,160.0,1270.2,21,232,1222.14,17.0,287.0,520.125,9.0,285.0
90304,zip_code_aggregate,rolling_30_day_avg,USD,277,1232.79,24,193,1421.68,41,123,1440.53,35.0,148.0,1209.97,20,234,773.8,11.0,318.0,,,
90401,zip_code_aggregate,rolling_30_day_avg,USD,890,1277.5,18,280,1324.95,21,242,987.933,17.0,232.0,1542.12,18,338,414.275,6.0,454.0,,,
90404,zip_code_aggregate,rolling_30_day_avg,USD,280,1574.06,26,225,1402.51,32,159,1593.22,30.0,194.0,1884.31,24,295,2703.43,25.0,404.0,,,
90501,zip_code_aggregate,rolling_30_day_avg,USD,590,1156.14,24,181,217.175,9,119,951.737,24.0,149.0,3134.13,49,224,1113.25,18.0,244.0,1357.8,19.0,279.0
90502,zip_code_aggregate,rolling_30_day_avg,USD,194,1668.96,34,177,677.075,24,106,1131.5,34.0,120.0,2239.58,40,199,1866.97,36.0,186.0,1834.12,21.0,335.0
90503,zip_code_aggregate,rolling_30_day_avg,USD,427,1350.5,27,185,2401.7,59,141,1233.7,27.0,169.0,2668.76,44,214,519.517,10.0,244.0,1354.15,15.0,371.0
90504,zip_code_aggregate,rolling_30_day_avg,USD,149,2633.48,40,234,2224.68,56,138,1328.6,42.0,112.0,2118.52,38,199,3596.77,46.0,275.0,1199.94,18.0,263.0
90505,zip_code_aggregate,rolling_30_day_avg,USD,216,2248.4,47,168,-125.925,1,207,1805.53,59.0,106.0,858.967,11,353,859.879,14.0,257.0,3288.35,22.0,569.0
90640,zip_code_aggregate,rolling_30_day_avg,USD,147,1078.57,21,197,1067.62,33,117,696.237,24.0,109.0,1270.2,21,232,1073.1,17.0,252.0,1642.5,21.0,300.0
90650,zip_code_aggregate,rolling_30_day_avg,USD,169,1168.91,24,183,1547.6,56,96,1195.38,33.0,131.0,1232.79,24,193,1263.81,18.0,277.0,532.292,8.0,350.0
90660,zip_code_aggregate,rolling_30_day_avg,USD,106,765.283,20,148,265.538,12,97,709.317,25.0,106.0,1294.23,26,185,945.046,16.0,239.0,1470.95,16.0,372.0
90704,zip_code_aggregate,rolling_30_day_avg,USD,196,148.129,4,487,1080.7,14,323,121.971,4.0,401.0,282.267,5,464,163.337,4.0,537.0,362.567,5.0,596.0
90717,zip_code_aggregate,rolling_30_day_avg,USD,230,1643.11,40,146,1435.36,42,121,990.367,25.0,148.0,2131.6,51,146,6042.58,46.0,462.0,,,
90731,zip_code_aggregate,rolling_30_day_avg,USD,119,1846.9,26,264,2854.3,71,138,1502.58,41.0,130.0,884.213,20,171,2287.64,26.0,327.0,2263.0,19.0,465.0
90745,zip_code_aggregate,rolling_30_day_avg,USD,168,1129.07,32,128,1122.38,33,123,1122.07,34.0,119.0,1404.34,30,171,889.688,16.0,225.0,,,
90802,zip_code_aggregate,rolling_30_day_avg,USD,140,895.467,19,184,881.475,24,138,918.888,22.0,159.0,832.2,15,228,956.3,15.0,262.0,1396.73,19.0,287.0
90803,zip_code_aggregate,rolling_30_day_avg,USD,1240,1456.35,17,342,1387.0,23,228,1090.13,19.0,224.0,1414.38,18,310,1886.44,17.0,443.0,1175.3,9.0,644.0
90805,zip_code_aggregate,rolling_30_day_avg,USD,216,1745.92,38,164,2168.1,69,108,2000.81,49.0,143.0,1983.17,43,163,1416.81,20.0,274.0,1187.47,19.0,244.0
90806,zip_code_aggregate,rolling_30_day_avg,USD,607,1080.7,20,209,822.467,19,169,1146.1,27.0,157.0,1060.02,20,205,1430.8,19.0,294.0,,,
90808,zip_code_aggregate,rolling_30_day_avg,USD,353,1681.74,22,291,3376.25,78,148,1699.07,45.0,133.0,3087.29,38,290,1277.2,16.0,323.0,2427.25,24.0,380.0
90815,zip_code_aggregate,rolling_30_day_avg,USD,464,1259.25,18,276,2087.8,55,132,681.333,23.0,112.0,944.438,18,207,1756.56,18.0,385.0,1494.68,16.0,378.0
91001,zip_code_aggregate,rolling_30_day_avg,USD,119,1336.2,26,191,1553.07,49,111,1575.58,38.0,148.0,806.65,15,221,1034.78,12.0,378.0,2031.22,21.0,371.0
91011,zip_code_aggregate,rolling_30_day_avg,USD,111,1931.46,28,254,2317.75,33,254,2306.8,35.0,237.0,2183.92,23,359,5046.43,50.0,353.0,-511.0,0.0,560.0
91016,zip_code_aggregate,rolling_30_day_avg,USD,532,1515.97,31,178,1096.22,37,106,1469.12,38.0,138.0,1541.52,31,181,1385.18,21.0,253.0,1675.35,21.0,306.0
91020,zip_code_aggregate,rolling_30_day_avg,USD,291,1654.67,35,170,1182.6,30,144,1706.38,37.0,165.0,2982.05,41,258,1084.05,14.0,324.0,,,
91030,zip_code_aggregate,rolling_30_day_avg,USD,169,1575.58,31,185,1800.67,43,148,1596.27,35.0,164.0,1699.99,30,207,2784.95,24.0,436.0,2138.29,22.0,370.0
91104,zip_code_aggregate,rolling_30_day_avg,USD,157,1365.1,27,187,1661.05,46,127,1414.38,33.0,155.0,1511.1,26,216,976.983,14.0,292.0,2113.35,21.0,386.0
91105,zip_code_aggregate,rolling_30_day_avg,USD,104,2032.44,29,257,1839.6,39,168,1800.67,35.0,185.0,2174.79,25,325,3066.0,21.0,560.0,,,
91106,zip_code_aggregate,rolling_30_day_avg,USD,382,1368.75,23,225,827.333,23,136,1321.3,27.0,181.0,1300.31,22,225,1681.74,22.0,291.0,,,
91107,zip_code_aggregate,rolling_30_day_avg,USD,921,1998.98,34,212,1260.47,40,112,1465.47,36.0,146.0,1890.7,31,222,1450.57,22.0,251.0,1258.03,14.0,376.0
91201,zip_code_aggregate,rolling_30_day_avg,USD,137,1132.72,22,196,1003.14,20,194,999.796,22.0,173.0,790.833,16,200,805.433,11.0,331.0,3821.55,39.0,349.0
91202,zip_code_aggregate,rolling_30_day_avg,USD,185,888.167,13,292,3367.12,48,246,266.45,6.0,292.0,799.35,12,292,2589.68,25.0,387.0,,,
91203,zip_code_aggregate,rolling_30_day_avg,USD,526,1358.1,22,235,498.833,13,164,1040.25,21.0,190.0,1577.71,22,273,1390.65,15.0,381.0,,,
91206,zip_code_aggregate,rolling_30_day_avg,USD,104,1575.58,40,140,1499.24,56,93,1575.58,40.0,140.0,1555.81,18,341,,,,,,
91207,zip_code_aggregate,rolling_30_day_avg,USD,179,1273.24,17,299,1200.85,31,141,,,,1975.87,35,203,863.833,11.0,355.0,1271.42,14.0,380.0
91208,zip_code_aggregate,rolling_30_day_avg,USD,107,1605.39,32,182,809.083,17,190,1879.45,40.0,167.0,2393.18,31,281,,,,,,
91302,zip_code_aggregate,rolling_30_day_avg,USD,116,1022.0,17,240,-89.425,0,98,889.383,20.0,172.0,1064.58,17,250,1716.11,17.0,403.0,1694.51,12.0,619.0
91304,zip_code_aggregate,rolling_30_day_avg,USD,194,1683.87,19,346,1168.61,37,113,1775.72,45.0,139.0,1708.2,27,234,2196.08,22.0,380.0,1602.35,15.0,439.0
91306,zip_code_aggregate,rolling_30_day_avg,USD,120,2822.67,32,320,3312.38,93,121,1691.17,43.0,139.0,5940.38,93,217,2235.62,24.0,350.0,3660.65,32.0,415.0
91307,zip_code_aggregate,rolling_30_day_avg,USD,156,1191.12,14,356,788.4,21,144,590.083,13.0,194.0,1259.25,18,276,1540.3,15.0,422.0,1201.46,13.0,395.0
91311,zip_code_aggregate,rolling_30_day_avg,USD,150,1733.14,25,259,1234.61,36,123,1554.29,38.0,146.0,1852.38,24,290,1971.0,21.0,360.0,1930.24,22.0,334.0
91316,zip_code_aggregate,rolling_30_day_avg,USD,140,1825.0,23,300,1801.28,45,141,3591.6,85.0,144.0,1728.88,31,203,1164.35,14.0,348.0,3300.21,28.0,434.0
91335,zip_code_aggregate,rolling_30_day_avg,USD,180,1680.82,21,307,971.204,34,103,1014.7,27.0,139.0,1017.13,14,304,1834.12,21.0,335.0,1101.08,13.0,362.0
91340,zip_code_aggregate,rolling_30_day_avg,USD,242,1489.2,27,204,1569.5,43,129,1365.1,37.0,132.0,766.5,15,210,1890.7,27.0,259.0,2509.38,25.0,375.0
91342,zip_code_aggregate,rolling_30_day_avg,USD,106,1264.72,25,189,1085.88,24,170,1174.39,30.0,143.0,1062.15,21,194,1721.89,20.0,333.0,4906.82,40.0,436.0
91343,zip_code_aggregate,rolling_30_day_avg,USD,178,1315.52,28,173,722.7,36,72,1368.75,39.0,125.0,514.65,9,282,2091.75,26.0,299.0,1062.15,12.0,388.0
91344,zip_code_aggregate,rolling_30_day_avg,USD,169,1987.43,25,297,3334.27,90,126,1820.74,44.0,146.0,2638.95,39,241,3849.53,31.0,452.0,2883.8,22.0,499.0
91356,zip_code_aggregate,rolling_30_day_avg,USD,142,1717.93,19,353,1209.37,31,142,1204.5,27.0,165.0,1249.52,16,316,1615.73,19.0,332.0,1092.57,11.0,449.0
91364,zip_code_aggregate,rolling_30_day_avg,USD,237,1766.6,19,363,1779.98,47,133,1137.58,25.0,170.0,806.65,15,221,1703.33,17.0,400.0,1785.46,13.0,587.0
91367,zip_code_aggregate,rolling_30_day_avg,USD,163,1338.33,14,400,711.75,15,195,657.0,21.0,120.0,1242.82,21,227,873.567,11.0,359.0,659.433,7.0,542.0
91401,zip_code_aggregate,rolling_30_day_avg,USD,297,1910.78,21,349,1304.27,35,134,1445.4,30.0,176.0,1311.87,22,227,1660.75,18.0,364.0,1575.89,14.0,471.0
91403,zip_code_aggregate,rolling_30_day_avg,USD,145,996.45,12,364,2895.36,60,167,990.367,25.0,148.0,1253.47,16,317,351.312,6.0,385.0,334.583,5.0,550.0
91405,zip_code_aggregate,rolling_30_day_avg,USD,121,1231.27,19,253,1733.14,40,154,1671.09,44.0,134.0,240.9,6,264,1102.3,15.0,302.0,1766.6,19.0,363.0
91406,zip_code_aggregate,rolling_30_day_avg,USD,201,1024.13,16,259,1284.8,51,88,1251.34,25.0,187.0,960.862,16,243,474.5,8.0,312.0,793.267,11.0,326.0
91423,zip_code_aggregate,rolling_30_day_avg,USD,144,1989.25,18,436,2474.09,52,166,2169.93,44.0,174.0,1526.31,16,386,1945.45,15.0,533.0,1060.32,9.0,581.0
91501,zip_code_aggregate,rolling_30_day_avg,USD,174,1247.08,28,164,514.65,15,141,1273.24,29.0,161.0,1127.85,15,309,1637.94,18.0,359.0,3934.7,24.0,616.0
91504,zip_code_aggregate,rolling_30_day_avg,USD,220,1558.85,28,205,2311.06,61,131,1209.06,28.0,159.0,1596.88,24,250,2109.7,27.0,289.0,3662.17,38.0,344.0
91505,zip_code_aggregate,rolling_30_day_avg,USD,376,1481.9,27,203,1465.47,36,146,1338.33,28.0,176.0,1753.22,25,262,2139.81,24.0,335.0,878.433,11.0,361.0
91506,zip_code_aggregate,rolling_30_day_avg,USD,197,1318.26,25,197,1125.11,30,137,1150.97,25.0,172.0,1514.75,23,249,1605.39,17.0,377.0,3796.0,23.0,624.0
91522,zip_code_aggregate,rolling_30_day_avg,USD,120,1296.66,24,203,2401.7,59,141,1358.41,25.0,203.0,120.754,4,397,,,,2828.75,18.0,620.0
91601,zip_code_aggregate,rolling_30_day_avg,USD,165,976.375,13,321,1307.92,28,172,977.287,20.0,189.0,719.963,12,263,764.371,10.0,359.0,1116.9,11.0,459.0
91602,zip_code_aggregate,rolling_30_day_avg,USD,125,1198.11,16,303,2865.25,63,157,2336.0,43.0,192.0,1063.97,14,318,2163.23,17.0,508.0,1151.88,10.0,541.0
91604,zip_code_aggregate,rolling_30_day_avg,USD,205,1496.5,18,328,947.783,22,164,1496.5,27.0,205.0,1630.94,17,383,1453.61,12.0,531.0,2013.58,13.0,662.0
91605,zip_code_aggregate,rolling_30_day_avg,USD,150,1551.25,18,340,1043.29,38,98,897.292,28.0,118.0,996.45,15,273,1638.85,15.0,449.0,478.15,6.0,524.0
91606,zip_code_aggregate,rolling_30_day_avg,USD,198,1975.26,20,382,1367.23,32,155,1379.7,31.0,162.0,1292.71,20,250,1975.26,20.0,382.0,1616.95,15.0,443.0
91607,zip_code_aggregate,rolling_30_day_avg,USD,177,1694.82,17,398,1111.43,24,174,1338.33,28.0,176.0,1489.2,21,272,1136.06,12.0,415.0,1817.7,15.0,498.0
91608,zip_code_aggregate,rolling_30_day_avg,USD,173,817.6,11,336,1124.2,31,132,487.579,10.0,229.0,906.112,12,331,1724.02,16.0,436.0,975.158,10.0,458.0
91711,zip_code_aggregate,rolling_30_day_avg,USD,983,1445.4,25,216,2382.23,47,178,1215.45,30.0,148.0,2037.61,36,203,1387.0,18.0,304.0,1999.59,22.0,346.0
91731,zip_code_aggregate,rolling_30_day_avg,USD,123,1286.62,33,141,647.267,22,112,1284.8,36.0,128.0,2045.22,44,164,1046.33,19.0,215.0,1313.39,20.0,254.0
91741,zip_code_aggregate,rolling_30_day_avg,USD,120,1289.67,23,212,994.625,33,109,1391.87,35.0,143.0,1237.96,25,185,1328.6,19.0,273.0,1215.45,15.0,333.0
91744,zip_code_aggregate,rolling_30_day_avg,USD,198,1149.75,30,140,1115.68,31,131,1239.18,45.0,97.0,843.15,21,154,1199.63,20.0,232.0,2740.24,42.0,231.0
91745,zip_code_aggregate,rolling_30_day_avg,USD,336,1095.0,21,200,1032.65,38,97,933.487,34.0,99.0,1130.89,25,169,1189.29,20.0,230.0,1229.75,16.0,311.0
91748,zip_code_aggregate,rolling_30_day_avg,USD,147,2281.25,28,300,688.025,29,87,1343.2,35.0,138.0,976.375,18,214,1465.47,25.0,219.0,2365.2,27.0,324.0
91750,zip_code_aggregate,rolling_30_day_avg,USD,169,1927.2,39,176,1399.17,43,115,2294.63,49.0,164.0,2003.85,39,183,354.354,8.0,233.0,1406.47,20.0,272.0
91754,zip_code_aggregate,rolling_30_day_avg,USD,211,1951.84,34,207,1587.75,48,116,983.675,25.0,147.0,2965.62,53,195,2326.88,28.0,306.0,4041.77,47.0,302.0
91755,zip_code_aggregate,rolling_30_day_avg,USD,150,1418.63,25,212,606.812,22,105,2129.17,53.0,140.0,1761.12,33,193,736.083,14.0,220.0,1382.13,19.0,284.0
91770,zip_code_aggregate,rolling_30_day_avg,USD,205,1935.72,46,148,1073.1,45,84,1688.12,53.0,111.0,1969.18,42,166,2099.36,32.0,238.0,5610.05,56.0,348.0
91775,zip_code_aggregate,rolling_30_day_avg,USD,259,1730.1,39,158,1490.42,52,100,1434.15,44.0,115.0,1581.67,29,200,3083.64,40.0,274.0,5039.74,66.0,263.0
91776,zip_code_aggregate,rolling_30_day_avg,USD,121,2667.85,52,179,741.558,26,106,2063.47,56.0,128.0,2621.61,54,169,2836.05,45.0,222.0,6413.96,74.0,297.0
91790,zip_code_aggregate,rolling_30_day_avg,USD,107,1917.16,36,191,1040.25,33,114,1710.94,48.0,125.0,2117.0,43,174,1905.3,32.0,216.0,2288.85,28.0,301.0
91801,zip_code_aggregate,rolling_30_day_avg,USD,252,2737.5,53,180,1660.45,56,103,2016.62,54.0,130.0,2560.48,49,183,3623.84,49.0,259.0,5677.58,54.0,366.0
93536,zip_code_aggregate,rolling_30_day_avg,USD,121,1073.1,24,168,683.463,24,107,902.767,31.0,106.0,1226.4,27,168,1051.81,22.0,182.0,916.758,14.0,274.0
93604,zip_code_aggregate,rolling_30_day_avg,USD,326,635.1,9,348,1696.34,42,143,406.975,9.0,223.0,555.713,12,203,547.5,9.0,300.0,998.579,10.0,469.0
93614,zip_code_aggregate,rolling_30_day_avg,USD,134,822.467,19,169,1020.17,42,86,956.908,29.0,121.0,1117.51,25,167,613.2,11.0,252.0,1000.4,14.0,299.0
93644,zip_code_aggregate,rolling_30_day_avg,USD,552,1148.53,19,236,1653.45,39,151,1277.5,31.0,150.0,1283.58,23,211,996.45,16.0,252.0,1100.78,14.0,329.0
94901,zip_code_aggregate,rolling_30_day_avg,USD,1161,1768.43,37,171,1601.44,42,135,1839.6,45.0,144.0,1779.38,28,234,2941.9,29.0,372.0,2299.5,23.0,378.0
94903,zip_code_aggregate,rolling_30_day_avg,USD,291,2226.5,43,183,943.525,25,141,1890.7,45.0,148.0,2628.0,43,216,5493.25,45.0,430.0,3120.75,23.0,513.0
94904,zip_code_aggregate,rolling_30_day_avg,USD,198,1725.54,34,183,1461.82,30,178,2258.44,48.0,165.0,2866.77,32,325,3679.81,26.0,526.0,2061.34,12.0,753.0
94929,zip_code_aggregate,rolling_30_day_avg,USD,116,1739.83,14,520,2009.32,21,367,1146.1,15.0,314.0,1838.69,18,403,2662.07,19.0,547.0,2181.48,14.0,652.0
94930,zip_code_aggregate,rolling_30_day_avg,USD,361,2368.85,47,177,2337.52,56,145,2372.5,53.0,156.0,2762.44,41,239,4370.88,33.0,479.0,3472.98,36.0,346.0
94941,zip_code_aggregate,rolling_30_day_avg,USD,2180,2563.52,31,301,1761.12,33,193,2027.57,36.0,202.0,2933.99,29,371,4692.68,31.0,551.0,2944.33,19.0,605.0
94945,zip_code_aggregate,rolling_30_day_avg,USD,105,2331.44,38,219,1850.55,55,117,1314.0,39.0,120.0,1899.22,31,223,3106.15,49.0,222.0,1976.47,21.0,361.0
94949,zip_code_aggregate,rolling_30_day_avg,USD,103,1846.9,25,276,1550.03,31,182,2358.81,50.0,165.0,869.917,25,130,3111.62,36.0,310.0,2343.3,21.0,428.0
94960,zip_code_aggregate,rolling_30_day_avg,USD,575,2734.76,40,243,2176.01,52,146,1907.12,41.0,165.0,3066.0,38,288,4738.0,40.0,421.0,4471.25,28.0,588.0
94965,zip_code_aggregate,rolling_30_day_avg,USD,194,2073.2,27,284,1644.93,35,169,1790.93,26.0,256.0,2608.23,28,343,1081.31,12.0,395.0,2071.07,14.0,619.0
94970,zip_code_aggregate,rolling_30_day_avg,USD,163,1291.49,14,386,1311.87,22,227,1081.31,18.0,237.0,1474.6,15,404,1705.46,10.0,801.0,1992.9,11.0,819.0
95338,zip_code_aggregate,rolling_30_day_avg,USD,297,1536.04,28,202,1361.75,40,121,1478.25,33.0,162.0,1502.89,30,183,1472.17,23.0,242.0,2677.88,34.0,284.0
95437,zip_code_aggregate,rolling_30_day_avg,USD,167,1923.85,28,253,1716.41,30,209,1361.15,28.0,179.0,1727.97,26,247,2148.02,25.0,321.0,2752.71,28.0,362.0
95445,zip_code_aggregate,rolling_30_day_avg,USD,141,2597.58,38,244,2286.73,45,179,1217.88,25.0,182.0,2429.07,36,242,4600.52,58.0,275.0,1513.53,19.0,311.0
95460,zip_code_aggregate,rolling_30_day_avg,USD,213,1853.59,25,277,1164.35,25,174,1612.08,28.0,212.0,1581.67,19,325,1998.38,21.0,365.0,2745.1,22.0,475.0
93923,zip_code_aggregate,rolling_30_day_avg,USD,258,2044.3,14,611,1405.25,23,231,1795.8,21.0,328.0,2313.19,16,585,1864.24,12.0,681.0,7.95808e-13,3.0,762.0
93950,zip_code_aggregate,rolling_30_day_avg,USD,186,2370.07,19,487,2316.53,31,272,2273.95,31.0,267.0,2808.68,22,486,2725.33,17.0,640.0,2022.1,11.0,831.0
93953,zip_code_aggregate,rolling_30_day_avg,USD,178,1732.84,12,633,2092.67,35,215,2524.58,28.0,332.0,1214.23,11,499,1828.65,12.0,668.0,246.375,4.0,810.0
93955,zip_code_aggregate,rolling_30_day_avg,USD,314,1546.08,20,299,2053.73,35,211,1022.91,22.0,177.0,1412.55,21,258,1820.13,19.0,374.0,1067.32,14.0,319.0
94558,zip_code_aggregate,rolling_30_day_avg,USD,307,1578.62,18,346,-140.525,1,231,1172.56,18.0,257.0,2930.04,22,507,2972.93,21.0,543.0,-494.575,1.0,813.0
95728,zip_code_aggregate,rolling_30_day_avg,USD,116,1300.92,16,329,-447.125,0,490,978.2,19.0,201.0,1390.65,21,254,1157.66,14.0,346.0,2342.39,20.0,453.0
95945,zip_code_aggregate,rolling_30_day_avg,USD,132,1256.51,30,153,1104.12,33,121,1235.22,34.0,131.0,1217.88,25,182,1786.68,25.0,267.0,2821.15,28.0,371.0
95959,zip_code_aggregate,rolling_30_day_avg,USD,260,1371.18,26,196,1030.52,31,121,1157.96,30.0,141.0,1264.72,21,231,1653.45,21.0,302.0,1569.5,18.0,344.0
96161,zip_code_aggregate,rolling_30_day_avg,USD,528,1387.0,15,380,1874.28,42,158,849.842,14.0,254.0,1195.38,18,262,1324.95,15.0,363.0,1839.6,15.0,504.0
92614,zip_code_aggregate,rolling_30_day_avg,USD,202,1057.59,22,183,1640.68,34,174,1726.45,36.0,172.0,396.938,8,261,,,,,,
92626,zip_code_aggregate,rolling_30_day_avg,USD,110,1049.38,18,230,649.7,15,178,1230.96,22.0,213.0,750.075,12,274,1133.93,19.0,233.0,2056.77,26.0,294.0
92651,zip_code_aggregate,rolling_30_day_avg,USD,194,2329.92,23,383,1839.6,21,336,1907.12,25.0,285.0,2496.6,22,432,3476.62,21.0,635.0,-259.454,2.0,853.0
92653,zip_code_aggregate,rolling_30_day_avg,USD,325,757.375,13,249,1452.4,28,191,708.1,15.0,194.0,463.55,9,254,2190.0,28.0,288.0,1284.8,15.0,352.0
92655,zip_code_aggregate,rolling_30_day_avg,USD,213,1779.98,25,266,1772.68,50,124,798.438,28.0,105.0,1242.52,22,215,1793.37,25.0,268.0,2595.15,30.0,316.0
92661,zip_code_aggregate,rolling_30_day_avg,USD,141,1341.38,18,294,1138.5,22,197,1237.96,25.0,185.0,1020.17,16,258,1905.91,16.0,482.0,1885.83,13.0,620.0
92663,zip_code_aggregate,rolling_30_day_avg,USD,225,1673.53,17,393,1259.25,26,180,770.15,15.0,211.0,1713.07,19,352,1948.19,18.0,427.0,1782.11,12.0,651.0
92691,zip_code_aggregate,rolling_30_day_avg,USD,206,1732.53,19,356,759.2,16,192,1469.12,38.0,138.0,1652.84,22,286,1839.6,19.0,378.0,1116.9,12.0,408.0
92704,zip_code_aggregate,rolling_30_day_avg,USD,128,1370.27,20,265,100.375,6,110,1365.1,37.0,132.0,1385.18,26,198,1234.92,17.0,290.0,1732.53,19.0,356.0
92705,zip_code_aggregate,rolling_30_day_avg,USD,153,1172.56,18,257,803.0,23,132,1273.24,26.0,182.0,1140.62,18,250,1587.75,18.0,348.0,1797.02,17.0,422.0
92706,zip_code_aggregate,rolling_30_day_avg,USD,122,1125.42,23,185,264.625,9,145,1204.5,33.0,132.0,1098.65,24,172,1230.66,17.0,289.0,1328.6,16.0,336.0
92707,zip_code_aggregate,rolling_30_day_avg,USD,114,736.083,13,242,1287.84,32,146,743.383,16.0,188.0,472.675,9,259,889.992,14.0,266.0,1745.92,23.0,287.0
92714,zip_code_aggregate,rolling_30_day_avg,USD,119,528.033,10,248,631.45,15,173,324.85,9.0,178.0,934.4,15,256,1.08002e-12,3.0,353.0,,,
92780,zip_code_aggregate,rolling_30_day_avg,USD,107,2410.22,31,283,1423.5,42,120,2206.43,42.0,186.0,1329.21,26,190,2856.12,33.0,313.0,2040.05,22.0,353.0
92782,zip_code_aggregate,rolling_30_day_avg,USD,306,1090.44,18,239,374.733,10,176,1330.73,28.0,175.0,803.0,13,264,1839.6,19.0,378.0,463.55,7.0,381.0
92804,zip_code_aggregate,rolling_30_day_avg,USD,240,2120.95,22,367,1768.43,41,153,2149.85,60.0,124.0,1779.38,28,234,1418.03,17.0,333.0,2256.92,23.0,371.0
92833,zip_code_aggregate,rolling_30_day_avg,USD,214,1930.24,22,334,1518.1,34,161,1929.63,55.0,122.0,1328.6,24,208,2063.16,22.0,357.0,1456.35,17.0,342.0
92870,zip_code_aggregate,rolling_30_day_avg,USD,174,2135.25,23,351,923.45,26,132,1089.53,21.0,199.0,1039.34,20,201,2901.75,33.0,318.0,2153.5,23.0,354.0
95603,zip_code_aggregate,rolling_30_day_avg,USD,147,1119.33,23,184,2022.71,53,133,1072.19,28.0,141.0,885.125,18,194,1512.32,25.0,226.0,1727.97,22.0,299.0
96141,zip_code_aggregate,rolling_30_day_avg,USD,230,1283.58,13,422,-151.475,0,166,1318.87,19.0,271.0,1469.12,17,345,1021.09,12.0,373.0,1418.03,12.0,518.0
96143,zip_code_aggregate,rolling_30_day_avg,USD,261,1411.33,19,290,2447.32,57,149,1695.73,28.0,223.0,1411.64,20,273,1771.47,19.0,364.0,1485.55,14.0,444.0
96145,zip_code_aggregate,rolling_30_day_avg,USD,568,1262.29,13,415,4050.59,26,579,1664.4,21.0,304.0,992.8,15,272,1032.04,12.0,377.0,1536.04,13.0,505.0
96146,zip_code_aggregate,rolling_30_day_avg,USD,187,1522.05,15,417,1788.5,38,168,1192.33,19.0,245.0,1132.72,17,266,1811.31,18.0,397.0,1523.88,13.0,501.0
96148,zip_code_aggregate,rolling_30_day_avg,USD,146,854.708,13,281,1329.21,22,230,566.358,10.0,266.0,790.833,13,260,1605.39,17.0,377.0,492.75,6.0,540.0
96103,zip_code_aggregate,rolling_30_day_avg,USD,236,1576.8,19,324,225.692,5,371,689.85,15.0,189.0,1256.51,20,243,1320.69,16.0,334.0,2484.74,24.0,389.0
92203,zip_code_aggregate,rolling_30_day_avg,USD,136,1124.2,14,336,684.375,12,250,1241.0,19.0,255.0,809.083,10,380,1073.1,15.0,294.0,885.733,11.0,364.0
92210,zip_code_aggregate,rolling_30_day_avg,USD,110,1668.66,29,211,-455.337,0,499,1674.13,35.0,172.0,1539.08,26,220,1880.36,25.0,281.0,4007.7,27.0,549.0
92211,zip_code_aggregate,rolling_30_day_avg,USD,326,1438.71,25,215,73.9125,4,243,1296.66,24.0,203.0,1852.38,32,210,1813.44,25.0,271.0,2733.55,22.0,473.0
92240,zip_code_aggregate,rolling_30_day_avg,USD,363,939.875,13,309,715.4,27,98,463.55,15.0,127.0,804.825,17,189,1003.75,14.0,300.0,1026.56,12.0,375.0
92241,zip_code_aggregate,rolling_30_day_avg,USD,117,1018.65,20,197,2082.32,45,163,894.25,23.0,147.0,1105.04,24,173,1061.54,13.0,349.0,723.917,10.0,340.0
92260,zip_code_aggregate,rolling_30_day_avg,USD,557,2022.1,27,277,1237.96,25,185,1654.67,35.0,170.0,2167.19,28,285,2390.75,23.0,393.0,1682.95,14.0,503.0
92262,zip_code_aggregate,rolling_30_day_avg,USD,516,1783.94,20,345,2522.76,61,143,1272.94,30.0,155.0,2416.6,38,227,1609.35,16.0,407.0,1715.5,13.0,564.0
92264,zip_code_aggregate,rolling_30_day_avg,USD,346,2926.08,23,481,1266.25,26,181,1193.85,28.0,157.0,1462.13,22,253,3123.49,24.0,489.0,3619.58,23.0,595.0
92501,zip_code_aggregate,rolling_30_day_avg,USD,186,1526.0,32,173,1969.18,81,83,1141.54,30.0,139.0,1742.27,35,179,1481.9,24.0,232.0,2518.5,33.0,276.0
92504,zip_code_aggregate,rolling_30_day_avg,USD,252,1396.12,30,170,1031.12,33,113,944.438,30.0,115.0,1766.6,47,132,1794.89,24.0,281.0,1250.73,19.0,257.0
92506,zip_code_aggregate,rolling_30_day_avg,USD,197,1407.68,29,178,1334.07,37,129,1352.32,41.0,117.0,1245.26,26,178,1084.05,15.0,297.0,1577.1,20.0,305.0
92507,zip_code_aggregate,rolling_30_day_avg,USD,111,1581.67,23,260,1711.85,45,134,734.867,19.0,151.0,446.212,12,163,1314.0,19.0,270.0,657.0,11.0,270.0
92549,zip_code_aggregate,rolling_30_day_avg,USD,522,1230.96,22,213,1077.36,25,161,1523.88,33.0,167.0,1236.74,22,214,1241.0,18.0,272.0,1774.81,18.0,389.0
92591,zip_code_aggregate,rolling_30_day_avg,USD,108,1405.25,15,385,1247.08,28,164,1111.43,21.0,203.0,657.0,11,270,1742.57,20.0,337.0,1682.04,13.0,553.0
92592,zip_code_aggregate,rolling_30_day_avg,USD,229,1495.59,14,447,1207.24,30,147,858.054,16.0,217.0,1079.49,16,273,1365.1,15.0,374.0,1945.45,15.0,533.0
95608,zip_code_aggregate,rolling_30_day_avg,USD,185,1285.1,28,169,2600.32,86,103,1158.88,33.0,127.0,1034.17,23,170,858.054,16.0,217.0,1697.25,23.0,279.0
95610,zip_code_aggregate,rolling_30_day_avg,USD,117,1099.26,29,139,1150.66,42,97,615.633,25.0,92.0,1309.44,38,123,1465.47,25.0,219.0,916.758,14.0,274.0
95630,zip_code_aggregate,rolling_30_day_avg,USD,439,1739.83,29,220,2154.72,49,154,1644.32,37.0,159.0,1173.17,22,203,2002.33,32.0,227.0,2040.96,25.0,305.0
95670,zip_code_aggregate,rolling_30_day_avg,USD,297,1361.15,28,179,549.325,24,86,1368.75,48.0,100.0,2763.66,62,154,1204.5,23.0,198.0,1642.5,21.0,300.0
95671,zip_code_aggregate,rolling_30_day_avg,USD,122,1999.9,28,263,-52.925,0,58,1101.08,23.0,181.0,2205.21,28,290,2319.88,32.0,263.0,3329.41,29.0,421.0
95811,zip_code_aggregate,rolling_30_day_avg,USD,858,1886.14,42,159,1806.75,48,132,1577.71,42.0,133.0,1981.95,39,181,2291.29,34.0,243.0,-173.375,2.0,570.0
95814,zip_code_aggregate,rolling_30_day_avg,USD,804,1358.41,32,154,1440.53,40,128,1372.4,35.0,141.0,1318.26,25,197,1443.57,24.0,226.0,1606.0,23.0,264.0
95815,zip_code_aggregate,rolling_30_day_avg,USD,421,2217.38,48,162,1579.84,56,98,1644.93,55.0,104.0,2452.8,45,192,2831.79,38.0,266.0,1278.11,25.0,191.0
95816,zip_code_aggregate,rolling_30_day_avg,USD,1130,2074.42,47,155,2514.85,56,156,2129.17,53.0,140.0,2325.05,42,196,1931.46,28.0,254.0,3789.92,31.0,445.0
95817,zip_code_aggregate,rolling_30_day_avg,USD,1468,1396.12,33,153,2061.03,59,121,1282.97,40.0,114.0,1388.22,31,163,1475.51,24.0,231.0,682.55,15.0,187.0
95818,zip_code_aggregate,rolling_30_day_avg,USD,1135,1654.67,37,160,1056.98,28,139,1739.53,46.0,133.0,1650.1,34,175,1858.46,29.0,235.0,1732.23,20.0,335.0
95821,zip_code_aggregate,rolling_30_day_avg,USD,176,1272.94,30,155,813.646,28,107,1222.14,44.0,98.0,912.5,23,150,2289.46,42.0,193.0,3312.38,21.0,605.0
95822,zip_code_aggregate,rolling_30_day_avg,USD,333,1348.37,34,143,1673.53,45,131,1131.5,34.0,120.0,1586.84,40,141,1278.11,25.0,191.0,1090.13,17.0,256.0
95823,zip_code_aggregate,rolling_30_day_avg,USD,125,1161.61,22,201,638.75,17,150,,,,894.554,20,173,1762.95,31.0,207.0,912.5,18.0,200.0
95826,zip_code_aggregate,rolling_30_day_avg,USD,102,1250.12,33,137,1168.0,43,96,1231.27,47.0,92.0,1035.99,29,131,1606.0,27.0,220.0,2056.77,26.0,294.0
95827,zip_code_aggregate,rolling_30_day_avg,USD,122,438.0,21,80,367.129,20,71,621.717,31.0,73.0,1585.93,36,158,1581.06,26.0,226.0,4343.5,59.0,255.0
95833,zip_code_aggregate,rolling_30_day_avg,USD,594,1616.04,36,161,1252.56,32,142,1111.43,32.0,126.0,2007.5,43,165,1496.5,27.0,205.0,3061.44,36.0,305.0
95835,zip_code_aggregate,rolling_30_day_avg,USD,324,1483.12,26,212,3292.3,91,123,3105.24,86.0,123.0,1975.26,37,191,1546.08,26.0,221.0,1056.68,21.0,193.0
91762,zip_code_aggregate,rolling_30_day_avg,USD,109,908.85,21,166,1224.27,38,115,585.217,16.0,148.0,1499.24,34,159,566.358,10.0,266.0,956.3,15.0,262.0
91784,zip_code_aggregate,rolling_30_day_avg,USD,107,1423.8,34,151,1561.59,37,151,1779.98,47.0,133.0,753.725,17,177,1289.06,16.0,326.0,1810.4,19.0,372.0
91786,zip_code_aggregate,rolling_30_day_avg,USD,216,889.992,17,209,1245.56,48,91,1941.8,51.0,133.0,406.367,11,167,1040.55,14.0,311.0,1569.5,18.0,344.0
92252,zip_code_aggregate,rolling_30_day_avg,USD,542,1133.32,21,207,782.925,21,143,1182.6,27.0,162.0,1105.95,21,202,1314.0,21.0,240.0,915.542,13.0,301.0
92277,zip_code_aggregate,rolling_30_day_avg,USD,445,1080.7,22,187,1216.36,34,129,977.287,24.0,153.0,1255.6,27,172,1171.65,21.0,214.0,906.721,14.0,271.0
92284,zip_code_aggregate,rolling_30_day_avg,USD,593,958.125,17,225,465.071,14,139,996.45,21.0,182.0,1036.6,19,213,937.138,16.0,237.0,1023.83,14.0,306.0
92285,zip_code_aggregate,rolling_30_day_avg,USD,119,1070.67,23,176,621.717,17,146,1102.3,27.0,151.0,1157.66,25,173,1158.27,17.0,272.0,1390.65,15.0,381.0
92314,zip_code_aggregate,rolling_30_day_avg,USD,1365,608.333,13,200,941.7,27,129,661.562,18.0,145.0,649.7,15,178,562.1,11.0,231.0,810.3,12.0,296.0
92324,zip_code_aggregate,rolling_30_day_avg,USD,113,364.087,10,171,2217.07,40,197,474.5,15.0,130.0,1215.45,21,222,528.033,10.0,248.0,,,
92325,zip_code_aggregate,rolling_30_day_avg,USD,888,626.583,13,206,422.792,13,139,553.583,16.0,140.0,822.467,19,169,618.675,12.0,226.0,837.675,12.0,306.0
92346,zip_code_aggregate,rolling_30_day_avg,USD,111,918.888,22,159,399.371,16,101,303.862,12.0,111.0,255.5,9,140,1639.46,25.0,245.0,2172.97,22.0,376.0
92352,zip_code_aggregate,rolling_30_day_avg,USD,236,838.283,16,212,3620.8,51,248,1160.7,27.0,159.0,1168.91,24,183,598.6,11.0,246.0,303.862,6.0,333.0
92374,zip_code_aggregate,rolling_30_day_avg,USD,109,1966.13,35,202,-78.475,0,86,1553.99,42.0,131.0,1558.85,28,205,2012.06,30.0,245.0,2730.2,37.0,264.0
92382,zip_code_aggregate,rolling_30_day_avg,USD,497,699.279,14,209,1469.12,33,161,518.604,14.0,155.0,775.017,16,196,742.167,13.0,244.0,1558.55,17.0,366.0
92397,zip_code_aggregate,rolling_30_day_avg,USD,159,907.025,17,213,1047.55,44,84,1084.05,25.0,162.0,755.246,16,191,1016.22,16.0,257.0,970.292,14.0,290.0
92404,zip_code_aggregate,rolling_30_day_avg,USD,442,839.5,15,230,1779.38,28,234,917.367,29.0,116.0,693.5,13,228,419.75,8.0,276.0,1304.27,19.0,268.0
92405,zip_code_aggregate,rolling_30_day_avg,USD,594,889.688,16,225,304.471,10,143,651.525,24.0,102.0,1017.13,22,176,908.85,15.0,249.0,1149.75,15.0,315.0
92407,zip_code_aggregate,rolling_30_day_avg,USD,478,810.3,15,222,1331.95,32,151,733.65,21.0,134.0,698.367,17,164,619.588,10.0,291.0,556.625,9.0,305.0
92411,zip_code_aggregate,rolling_30_day_avg,USD,228,776.537,26,111,480.583,23,79,803.0,27.0,110.0,1644.93,35,169,854.1,16.0,216.0,3485.75,63.0,191.0
91902,zip_code_aggregate,rolling_30_day_avg,USD,253,1523.27,19,313,799.35,21,146,1231.88,30.0,150.0,1158.57,16,293,2005.68,24.0,314.0,1154.31,14.0,345.0
91910,zip_code_aggregate,rolling_30_day_avg,USD,481,1558.85,28,205,1306.09,41,113,1075.84,30.0,131.0,1526.0,32,173,1867.58,23.0,307.0,2168.71,26.0,310.0
91911,zip_code_aggregate,rolling_30_day_avg,USD,399,2016.62,33,221,1282.97,40,114,1362.67,38.0,128.0,1839.6,39,168,2372.5,33.0,260.0,1717.93,19.0,353.0
91932,zip_code_aggregate,rolling_30_day_avg,USD,334,644.833,13,212,340.667,10,160,548.717,14.0,164.0,897.9,15,246,613.2,10.0,288.0,1820.13,20.0,352.0
91941,zip_code_aggregate,rolling_30_day_avg,USD,752,1150.97,25,172,1102.6,32,125,1234.92,31.0,145.0,1338.33,25,200,1538.47,21.0,281.0,1601.44,16.0,405.0
91942,zip_code_aggregate,rolling_30_day_avg,USD,186,1231.27,26,176,1539.08,47,115,1223.66,30.0,149.0,1825.0,27,250,1008.31,16.0,255.0,1274.46,13.0,419.0
91945,zip_code_aggregate,rolling_30_day_avg,USD,168,760.112,20,147,682.55,25,102,772.888,24.0,121.0,858.358,20,166,1046.33,19.0,215.0,-3.41061e-13,3.0,324.0
91950,zip_code_aggregate,rolling_30_day_avg,USD,639,992.8,20,192,883.3,27,121,1169.22,34.0,124.0,890.6,19,183,1036.6,15.0,284.0,1186.25,15.0,325.0
91977,zip_code_aggregate,rolling_30_day_avg,USD,352,1533.0,27,210,1224.57,36,122,1234.61,36.0,123.0,1076.75,23,177,2394.4,27.0,328.0,1452.7,15.0,398.0
92007,zip_code_aggregate,rolling_30_day_avg,USD,242,3197.1,26,457,427.354,8,281,2208.25,33.0,242.0,2926.08,29,370,3839.8,27.0,526.0,-473.283,1.0,778.0
92009,zip_code_aggregate,rolling_30_day_avg,USD,118,1163.13,19,239,1305.48,40,116,1168.0,19.0,240.0,696.542,13,229,1518.4,16.0,384.0,,,
92014,zip_code_aggregate,rolling_30_day_avg,USD,644,2409.0,21,440,2138.29,40,190,1405.25,24.0,220.0,2250.83,23,370,2682.75,18.0,588.0,2609.75,16.0,660.0
92020,zip_code_aggregate,rolling_30_day_avg,USD,158,1294.23,26,185,652.438,18,143,2009.93,59.0,118.0,1067.62,21,195,2121.26,25.0,317.0,1929.03,17.0,453.0
92024,zip_code_aggregate,rolling_30_day_avg,USD,259,1277.5,15,350,470.85,15,129,1315.22,26.0,188.0,1149.75,15,315,1034.17,11.0,425.0,1883.7,14.0,563.0
92025,zip_code_aggregate,rolling_30_day_avg,USD,184,1870.02,32,212,1546.38,44,124,1602.96,37.0,155.0,1817.09,32,206,1427.45,16.0,361.0,1993.81,18.0,437.0
92026,zip_code_aggregate,rolling_30_day_avg,USD,123,1727.97,22,299,110.717,7,91,1804.93,46.0,138.0,1462.13,22,253,1757.47,21.0,321.0,2688.23,21.0,491.0
92028,zip_code_aggregate,rolling_30_day_avg,USD,320,1652.84,22,286,1391.56,28,183,1057.59,22.0,183.0,2149.85,34,228,1971.0,21.0,360.0,2961.98,21.0,541.0
92029,zip_code_aggregate,rolling_30_day_avg,USD,222,2087.8,25,312,1763.25,34,187,1231.88,30.0,150.0,1557.33,23,256,2160.8,27.0,296.0,3723.0,27.0,510.0
92036,zip_code_aggregate,rolling_30_day_avg,USD,152,1177.73,19,242,723.612,16,183,985.5,23.0,162.0,1311.87,22,227,1332.86,17.0,313.0,1592.62,17.0,374.0
92037,zip_code_aggregate,rolling_30_day_avg,USD,336,1624.25,15,445,1088.92,23,179,1626.07,25.0,243.0,1747.44,18,383,1277.5,10.0,600.0,1605.39,10.0,754.0
92054,zip_code_aggregate,rolling_30_day_avg,USD,145,1779.98,25,266,1376.66,34,146,1346.85,30.0,164.0,1612.69,25,241,2385.58,26.0,341.0,2885.32,21.0,527.0
92064,zip_code_aggregate,rolling_30_day_avg,USD,133,1641.59,24,257,266.146,10,125,1100.47,30.0,134.0,1056.68,21,193,1601.13,17.0,376.0,1660.75,24.0,260.0
92101,zip_code_aggregate,rolling_30_day_avg,USD,276,1020.17,16,258,2299.5,48,168,549.325,10.0,258.0,1823.18,21,333,1281.15,15.0,351.0,251.546,4.0,827.0
92102,zip_code_aggregate,rolling_30_day_avg,USD,566,944.438,18,207,861.096,22,149,814.862,22.0,141.0,866.875,18,190,799.654,14.0,239.0,679.812,8.0,447.0
92103,zip_code_aggregate,rolling_30_day_avg,USD,655,1244.65,25,186,718.746,20,139,1305.79,30.0,159.0,1171.65,21,214,2596.37,25.0,388.0,2500.25,23.0,411.0
92104,zip_code_aggregate,rolling_30_day_avg,USD,453,1298.18,25,194,1041.77,28,137,1073.1,24.0,168.0,1518.4,27,208,1122.38,18.0,246.0,2882.28,26.0,412.0
92105,zip_code_aggregate,rolling_30_day_avg,USD,386,648.483,16,164,1587.75,48,116,486.667,19.0,100.0,689.85,17,162,826.421,14.0,247.0,505.525,9.0,277.0
92106,zip_code_aggregate,rolling_30_day_avg,USD,448,1679.0,23,276,853.492,26,122,1866.97,36.0,186.0,1806.75,25,270,949.912,12.0,347.0,869.917,8.0,572.0
92109,zip_code_aggregate,rolling_30_day_avg,USD,300,2120.04,20,410,1245.26,26,178,1300.31,28.0,171.0,1935.41,24,303,2176.31,18.0,477.0,2584.81,17.0,607.0
92110,zip_code_aggregate,rolling_30_day_avg,USD,457,1005.58,22,174,956.908,29,121,938.963,24.0,147.0,1317.65,22,228,1364.19,16.0,345.0,740.95,9.0,406.0
92111,zip_code_aggregate,rolling_30_day_avg,USD,197,912.5,13,300,-93.075,1,153,1003.75,25.0,150.0,833.417,13,274,1225.79,16.0,310.0,1007.4,11.0,414.0
92113,zip_code_aggregate,rolling_30_day_avg,USD,968,751.9,15,206,2669.98,60,154,739.429,20.0,143.0,743.383,16,188,692.588,12.0,253.0,879.042,13.0,289.0
92114,zip_code_aggregate,rolling_30_day_avg,USD,486,851.667,19,175,759.2,27,104,851.667,28.0,112.0,1231.88,33,135,389.333,8.0,256.0,418.533,7.0,344.0
92115,zip_code_aggregate,rolling_30_day_avg,USD,610,894.25,18,196,1433.23,41,124,996.146,28.0,131.0,479.367,11,197,789.617,14.0,236.0,1104.12,13.0,363.0
92116,zip_code_aggregate,rolling_30_day_avg,USD,1374,1399.17,28,184,1195.38,33,131,1528.13,35.0,157.0,1472.17,25,220,1992.9,24.0,312.0,2429.07,25.0,363.0
92117,zip_code_aggregate,rolling_30_day_avg,USD,464,1307.31,17,307,1211.8,27,166,766.5,21.0,140.0,1056.07,19,217,1261.38,14.0,377.0,1536.65,15.0,421.0
92120,zip_code_aggregate,rolling_30_day_avg,USD,242,1190.2,16,301,1293.01,42,109,785.967,22.0,136.0,733.65,12,268,1043.9,16.0,264.0,1397.95,15.0,383.0
92122,zip_code_aggregate,rolling_30_day_avg,USD,136,1363.28,21,249,1348.37,34,143,1336.51,29.0,169.0,1523.27,19,313,1669.88,18.0,366.0,2208.25,23.0,363.0
92123,zip_code_aggregate,rolling_30_day_avg,USD,187,984.588,16,249,798.742,29,101,869.917,25.0,130.0,525.904,10,247,1171.04,17.0,275.0,1254.69,14.0,375.0
92126,zip_code_aggregate,rolling_30_day_avg,USD,230,1357.8,19,279,481.8,19,99,710.533,19.0,146.0,1399.17,23,230,1494.37,20.0,289.0,594.037,10.0,279.0
92154,zip_code_aggregate,rolling_30_day_avg,USD,221,1961.27,29,248,2219.2,60,128,1231.88,33.0,135.0,1116.9,30,136,1314.0,18.0,288.0,2212.81,28.0,291.0
94103,zip_code_aggregate,rolling_30_day_avg,USD,279,2101.49,24,329,2923.04,65,155,2107.88,25.0,315.0,3133.52,54,202,133.529,4.0,439.0,1727.67,11.0,710.0
94112,zip_code_aggregate,rolling_30_day_avg,USD,131,1678.39,34,178,146.0,7,120,1520.22,37.0,147.0,2231.06,48,163,1939.06,28.0,255.0,651.525,10.0,306.0
94114,zip_code_aggregate,rolling_30_day_avg,USD,949,3235.73,30,394,2261.78,47,169,3078.77,45.0,241.0,2485.04,22,430,4068.53,25.0,608.0,589.475,6.0,646.0
94115,zip_code_aggregate,rolling_30_day_avg,USD,562,2990.26,32,339,-140.525,0,154,3097.63,41.0,268.0,4092.87,32,464,5041.56,28.0,663.0,4549.73,21.0,831.0
94118,zip_code_aggregate,rolling_30_day_avg,USD,508,848.625,12,310,1149.75,38,108,1513.84,24.0,237.0,596.167,10,280,230.558,4.0,758.0,486.667,5.0,800.0
94121,zip_code_aggregate,rolling_30_day_avg,USD,479,496.4,11,204,884.213,22,153,598.904,14.0,179.0,441.65,9,242,720.875,8.0,474.0,1029.3,12.0,376.0
94122,zip_code_aggregate,rolling_30_day_avg,USD,540,517.388,12,189,448.95,12,164,495.792,13.0,163.0,585.521,10,275,532.9,7.0,438.0,-525.6,0.0,576.0
94123,zip_code_aggregate,rolling_30_day_avg,USD,136,3235.73,30,394,-3.65,0,4,2491.12,45.0,195.0,4755.04,30,579,7860.88,31.0,923.0,,,
94124,zip_code_aggregate,rolling_30_day_avg,USD,204,1155.83,22,200,1125.42,23,185,1161.31,26.0,166.0,1216.67,19,250,1126.94,16.0,285.0,1510.19,18.0,331.0
94127,zip_code_aggregate,rolling_30_day_avg,USD,734,1046.03,22,181,1558.25,50,109,1606.0,36.0,160.0,1040.25,18,228,2103.62,22.0,364.0,,,
94131,zip_code_aggregate,rolling_30_day_avg,USD,173,1658.93,21,303,1908.04,44,153,1241.0,20.0,240.0,1989.25,23,327,3543.54,28.0,466.0,-470.85,0.0,516.0
94132,zip_code_aggregate,rolling_30_day_avg,USD,287,982.458,20,190,299.3,9,164,884.213,22.0,153.0,1392.17,26,199,322.417,7.0,265.0,,,
94134,zip_code_aggregate,rolling_30_day_avg,USD,379,1184.43,25,177,1202.07,41,104,1192.33,31.0,140.0,956.604,20,185,1790.93,19.0,368.0,2036.7,21.0,372.0
94143,zip_code_aggregate,rolling_30_day_avg,USD,1562,2719.25,33,298,2262.09,40,201,2399.27,37.0,232.0,3449.25,30,420,4158.26,24.0,651.0,4122.07,25.0,616.0
94166,zip_code_aggregate,rolling_30_day_avg,USD,411,1306.7,27,179,1543.65,38,145,1692.69,38.0,159.0,1393.08,23,229,1557.33,19.0,320.0,3474.8,51.0,238.0
94177,zip_code_aggregate,rolling_30_day_avg,USD,676,2783.73,35,286,2046.13,34,217,2253.88,42.0,190.0,1811.92,26,259,4934.8,42.0,416.0,543.85,7.0,447.0
95202,zip_code_aggregate,rolling_30_day_avg,USD,409,721.787,24,113,2065.29,100,70,442.867,16.0,112.0,1437.19,38,135,,,,2494.17,43.0,205.0
95210,zip_code_aggregate,rolling_30_day_avg,USD,208,1478.86,29,187,1575.58,23,259,749.771,32.0,85.0,166.683,7,137,2104.53,40.0,187.0,458.075,9.0,251.0
95240,zip_code_aggregate,rolling_30_day_avg,USD,163,1222.75,23,201,622.933,19,128,1035.99,29.0,131.0,1155.83,22,200,1779.98,25.0,266.0,2069.55,21.0,378.0
93420,zip_code_aggregate,rolling_30_day_avg,USD,212,1700.9,27,233,1612.39,34,171,1683.87,35.0,173.0,1660.75,23,273,1910.17,23.0,314.0,1606.0,15.0,440.0
93428,zip_code_aggregate,rolling_30_day_avg,USD,238,1487.38,18,326,1595.96,36,159,990.975,21.0,181.0,1387.0,18,304,1601.44,16.0,405.0,3789.92,23.0,623.0
93430,zip_code_aggregate,rolling_30_day_avg,USD,150,2214.33,23,364,2511.2,51,172,1558.55,24.0,244.0,2178.14,24,341,2482.0,23.0,408.0,2665.72,17.0,626.0
93433,zip_code_aggregate,rolling_30_day_avg,USD,227,3292.3,44,264,2087.8,55,132,2275.17,47.0,170.0,3048.66,42,257,3843.45,39.0,351.0,7619.68,44.0,611.0
93442,zip_code_aggregate,rolling_30_day_avg,USD,128,2117.0,27,290,2224.98,38,209,1605.39,29.0,203.0,1646.15,25,246,2394.4,27.0,328.0,3343.4,27.0,458.0
93445,zip_code_aggregate,rolling_30_day_avg,USD,134,2650.81,38,249,2040.35,55,129,2414.48,52.0,162.0,3083.64,40,274,2050.08,23.0,337.0,4177.73,44.0,335.0
93446,zip_code_aggregate,rolling_30_day_avg,USD,308,1809.79,20,350,1030.52,25,154,1109.6,22.0,192.0,1558.55,24,244,1965.53,21.0,359.0,2462.53,19.0,506.0
93449,zip_code_aggregate,rolling_30_day_avg,USD,175,1558.55,17,366,702.625,17,165,1746.53,25.0,261.0,1574.06,18,345,1286.62,12.0,470.0,5054.03,34.0,536.0
93465,zip_code_aggregate,rolling_30_day_avg,USD,104,888.167,13,292,1646.15,36,164,1079.49,24.0,169.0,1004.36,16,254,662.171,10.0,311.0,1209.37,10.0,568.0
94002,zip_code_aggregate,rolling_30_day_avg,USD,587,1720.37,31,202,1839.6,51,126,961.167,23.0,158.0,1896.48,32,215,2947.38,37.0,285.0,1605.39,16.0,406.0
94010,zip_code_aggregate,rolling_30_day_avg,USD,141,2205.82,40,196,1631.85,40,145,1777.85,38.0,167.0,2838.18,46,217,2141.33,23.0,352.0,3276.79,24.0,513.0
94014,zip_code_aggregate,rolling_30_day_avg,USD,570,1155.83,22,200,1788.5,52,120,956.3,27.0,131.0,1231.27,26,176,1235.83,20.0,239.0,706.275,12.0,258.0
94015,zip_code_aggregate,rolling_30_day_avg,USD,167,1619.38,25,242,889.688,28,117,1164.35,36.0,116.0,1472.17,25,220,1746.53,21.0,319.0,2380.1,28.0,313.0
94018,zip_code_aggregate,rolling_30_day_avg,USD,144,1762.65,22,305,1314.0,27,180,1871.84,37.0,181.0,1533.0,19,315,1365.1,14.0,408.0,2014.19,17.0,473.0
94019,zip_code_aggregate,rolling_30_day_avg,USD,251,1987.43,21,363,1096.22,20,212,1971.0,33.0,216.0,2266.04,28,298,1713.07,14.0,512.0,1505.62,13.0,495.0
94025,zip_code_aggregate,rolling_30_day_avg,USD,610,687.112,12,251,776.233,14,232,762.85,15.0,209.0,829.463,12,303,1060.63,14.0,317.0,6949.6,31.0,816.0
94027,zip_code_aggregate,rolling_30_day_avg,USD,271,3332.45,36,332,3138.39,70,154,2368.85,36.0,236.0,3677.38,33,403,2448.54,13.0,805.0,1332.86,10.0,626.0
94044,zip_code_aggregate,rolling_30_day_avg,USD,157,2529.45,31,297,1713.37,46,131,1745.92,38.0,164.0,1898.0,27,260,2965.62,33.0,325.0,3614.11,29.0,457.0
94061,zip_code_aggregate,rolling_30_day_avg,USD,209,839.804,14,251,1158.88,33,127,1140.32,26.0,163.0,687.112,12,251,762.242,10.0,358.0,2073.81,17.0,487.0
94062,zip_code_aggregate,rolling_30_day_avg,USD,164,1508.36,32,171,1264.72,30,154,1684.47,42.0,142.0,1820.13,25,272,1419.85,15.0,389.0,3756.76,26.0,537.0
94063,zip_code_aggregate,rolling_30_day_avg,USD,325,1380.92,23,227,1640.68,32,186,1352.32,29.0,171.0,1205.11,17,283,1067.62,16.0,270.0,803.0,11.0,330.0
94070,zip_code_aggregate,rolling_30_day_avg,USD,245,1927.2,35,198,3185.23,71,154,1980.12,38.0,186.0,1954.57,37,189,2576.9,27.0,353.0,3494.88,33.0,383.0
94080,zip_code_aggregate,rolling_30_day_avg,USD,204,1825.0,28,240,1776.33,43,146,1304.88,29.0,165.0,1733.75,28,228,1794.89,24.0,281.0,2535.84,24.0,397.0
94303,zip_code_aggregate,rolling_30_day_avg,USD,1000,1552.47,32,176,1830.47,54,118,1826.82,42.0,154.0,1244.65,25,186,1372.4,19.0,282.0,1856.94,18.0,407.0
94401,zip_code_aggregate,rolling_30_day_avg,USD,864,2244.75,39,205,1438.71,46,110,1679.0,43.0,138.0,2392.57,41,207,2521.24,30.0,307.0,3698.67,41.0,320.0
94402,zip_code_aggregate,rolling_30_day_avg,USD,257,2354.25,39,215,1810.4,51,124,1988.03,46.0,152.0,2000.81,29,253,1971.0,21.0,360.0,773.8,6.0,848.0
94403,zip_code_aggregate,rolling_30_day_avg,USD,758,1703.33,38,160,1180.17,43,97,1831.08,46.0,140.0,2025.75,33,222,2486.56,28.0,327.0,3710.23,60.0,214.0
94404,zip_code_aggregate,rolling_30_day_avg,USD,187,3609.85,49,258,2591.5,63,142,2505.12,61.0,142.0,3195.57,54,206,3239.38,28.0,426.0,5334.48,40.0,474.0
93101,zip_code_aggregate,rolling_30_day_avg,USD,1178,1713.07,25,256,1372.4,19,282,1398.56,25.0,209.0,2582.98,25,386,4154.61,32.0,471.0,4514.44,44.0,362.0
93103,zip_code_aggregate,rolling_30_day_avg,USD,224,2334.48,28,307,1634.9,46,125,1847.81,30.0,225.0,2707.39,26,387,2658.42,26.0,380.0,8787.38,48.0,642.0
93105,zip_code_aggregate,rolling_30_day_avg,USD,481,2292.2,27,314,3490.62,79,151,1846.9,27.0,253.0,2127.95,25,318,3686.5,27.0,505.0,5284.9,28.0,695.0
93108,zip_code_aggregate,rolling_30_day_avg,USD,409,2433.33,19,500,2509.38,36,250,2294.63,26.0,328.0,3900.94,22,675,-224.779,2.0,739.0,-531.075,1.0,873.0
93109,zip_code_aggregate,rolling_30_day_avg,USD,586,4001.62,25,598,2722.29,53,179,3247.89,41.0,281.0,2516.07,25,376,4136.67,23.0,680.0,1859.07,11.0,764.0
93110,zip_code_aggregate,rolling_30_day_avg,USD,149,2154.72,31,253,905.2,19,186,1870.62,33.0,205.0,2034.27,25,304,6599.2,51.0,452.0,-404.237,0.0,443.0
94022,zip_code_aggregate,rolling_30_day_avg,USD,225,2143.46,32,243,-116.8,0,128,2103.62,41.0,182.0,2609.75,36,260,1344.42,16.0,340.0,835.85,9.0,458.0
94039,zip_code_aggregate,rolling_30_day_avg,USD,344,2123.39,42,179,1724.62,48,126,2168.1,57.0,132.0,1781.81,32,202,3321.5,38.0,312.0,2829.66,24.0,443.0
94040,zip_code_aggregate,rolling_30_day_avg,USD,480,534.725,9,293,1773.6,52,119,774.713,12.0,283.0,520.125,8,342,4993.2,57.0,304.0,2987.22,26.0,427.0
94041,zip_code_aggregate,rolling_30_day_avg,USD,426,1667.14,30,203,2548.61,66,133,1715.5,33.0,188.0,2554.09,30,311,1691.17,23.0,278.0,2750.27,25.0,411.0
94043,zip_code_aggregate,rolling_30_day_avg,USD,503,1596.88,28,210,1902.87,49,136,1231.88,33.0,135.0,1898.0,33,208,1327.69,18.0,291.0,471.458,8.0,310.0
94301,zip_code_aggregate,rolling_30_day_avg,USD,337,1697.25,34,180,2338.43,65,124,1654.67,35.0,170.0,4199.02,58,251,2671.8,19.0,549.0,4002.83,31.0,470.0
94304,zip_code_aggregate,rolling_30_day_avg,USD,106,1823.18,40,162,1935.72,46,148,1064.58,31.0,125.0,1245.87,19,256,,,,199.837,4.0,657.0
94306,zip_code_aggregate,rolling_30_day_avg,USD,1189,1237.35,21,226,826.725,21,151,1745.92,38.0,164.0,485.146,8,319,1708.2,19.0,351.0,924.058,10.0,434.0
95051,zip_code_aggregate,rolling_30_day_avg,USD,128,1177.12,18,258,1530.26,42,129,1514.75,33.0,166.0,610.767,11,251,1593.83,23.0,262.0,2154.72,25.0,322.0
95125,zip_code_aggregate,rolling_30_day_avg,USD,107,1015.92,23,167,1756.87,41,152,876.0,23.0,144.0,999.188,18,219,2387.71,28.0,314.0,2176.92,20.0,421.0
95130,zip_code_aggregate,rolling_30_day_avg,USD,117,896.683,25,134,1701.2,50,119,941.7,27.0,129.0,374.125,9,205,2248.4,25.0,336.0,,,
95003,zip_code_aggregate,rolling_30_day_avg,USD,554,1317.65,15,361,695.933,11,286,1284.8,19.0,264.0,1059.41,12,387,1704.25,16.0,431.0,2190.61,16.0,554.0
95010,zip_code_aggregate,rolling_30_day_avg,USD,170,1110.21,13,365,1496.5,23,246,1035.99,16.0,262.0,1034.17,13,340,1486.77,11.0,611.0,2210.07,17.0,519.0
95018,zip_code_aggregate,rolling_30_day_avg,USD,124,1934.5,33,212,996.146,28,131,2409.0,47.0,180.0,1773.9,27,243,3108.58,31.0,365.0,3053.83,23.0,502.0
95060,zip_code_aggregate,rolling_30_day_avg,USD,104,1913.82,25,286,2434.55,49,174,1613.3,27.0,221.0,1811.92,26,259,2450.37,22.0,424.0,2949.2,19.0,606.0
95062,zip_code_aggregate,rolling_30_day_avg,USD,409,1405.25,15,385,1635.2,35,168,1790.32,30.0,218.0,1231.27,14,368,1333.16,12.0,487.0,1481.9,10.0,696.0
95076,zip_code_aggregate,rolling_30_day_avg,USD,342,1579.84,17,371,1528.44,28,201,932.575,17.0,219.0,1633.38,18,358,1946.06,17.0,457.0,2270.3,15.0,622.0
96001,zip_code_aggregate,rolling_30_day_avg,USD,124,1305.79,30,159,776.537,40,69,914.629,34.0,97.0,1430.8,35,147,1634.9,28.0,215.0,1628.81,24.0,255.0
96003,zip_code_aggregate,rolling_30_day_avg,USD,148,2075.94,42,175,1768.43,41,153,1503.8,51.0,103.0,1583.8,44,127,1852.38,33.0,203.0,2712.25,40.0,241.0
96050,zip_code_aggregate,rolling_30_day_avg,USD,185,3627.19,78,159,2953.76,86,117,3170.94,78.0,139.0,3811.21,73,179,6300.2,80.0,269.0,6570.0,75.0,300.0
96067,zip_code_aggregate,rolling_30_day_avg,USD,119,1345.03,25,201,1158.27,35,119,1138.8,29.0,144.0,1345.03,25,201,1284.8,19.0,264.0,2392.57,26.0,342.0
94923,zip_code_aggregate,rolling_30_day_avg,USD,319,1411.33,13,464,84.8625,4,279,514.042,8.0,338.0,1088.92,13,358,1463.04,13.0,481.0,2288.55,15.0,627.0
95431,zip_code_aggregate,rolling_30_day_avg,USD,126,1830.78,16,463,1565.85,29,198,865.963,16.0,219.0,1843.25,18,404,2281.25,18.0,500.0,958.125,8.0,630.0
95436,zip_code_aggregate,rolling_30_day_avg,USD,112,1415.9,22,245,1726.45,46,132,1492.24,25.0,223.0,1211.8,19,249,1520.22,20.0,294.0,2146.2,19.0,441.0
95442,zip_code_aggregate,rolling_30_day_avg,USD,181,1609.04,13,529,3213.22,79,139,1224.27,26.0,175.0,1134.54,13,373,2614.62,17.0,614.0,484.842,5.0,797.0
95446,zip_code_aggregate,rolling_30_day_avg,USD,220,558.45,9,306,1923.55,54,124,1167.39,22.0,202.0,489.1,9,268,549.021,8.0,361.0,907.025,9.0,497.0
95448,zip_code_aggregate,rolling_30_day_avg,USD,142,2248.4,19,462,1358.41,25,203,1905.3,27.0,261.0,2096.93,21,383,2652.94,17.0,623.0,493.967,5.0,812.0
95462,zip_code_aggregate,rolling_30_day_avg,USD,219,621.717,10,292,874.479,26,125,894.25,17.0,210.0,591.908,10,278,589.475,9.0,323.0,815.471,10.0,383.0
95472,zip_code_aggregate,rolling_30_day_avg,USD,127,2048.26,29,259,1405.25,36,140,2190.0,51.0,150.0,2258.13,32,256,3104.93,25.0,464.0,2568.69,18.0,563.0
95476,zip_code_aggregate,rolling_30_day_avg,USD,466,1767.51,16,447,1092.26,22,189,1231.27,19.0,253.0,1601.13,19,329,2146.2,15.0,588.0,2020.28,12.0,738.0
95492,zip_code_aggregate,rolling_30_day_avg,USD,309,1051.2,19,216,547.5,11,225,942.004,22.0,163.0,1022.0,19,210,1222.75,18.0,268.0,2721.07,21.0,497.0
95354,zip_code_aggregate,rolling_30_day_avg,USD,114,1460.0,43,120,1848.42,62,103,1304.88,42.0,110.0,1332.25,33,146,2498.43,40.0,222.0,2344.52,50.0,164.0
93265,zip_code_aggregate,rolling_30_day_avg,USD,195,1178.95,20,228,993.713,30,121,1057.28,25.0,158.0,968.467,19,199,1382.13,19.0,284.0,2051.6,22.0,355.0
93271,zip_code_aggregate,rolling_30_day_avg,USD,283,1582.28,21,289,1045.72,21,191,1328.6,24.0,208.0,1709.42,23,281,1490.42,17.0,350.0,2155.93,19.0,443.0
93291,zip_code_aggregate,rolling_30_day_avg,USD,164,1489.81,34,158,3572.44,84,145,1371.79,44.0,110.0,1724.62,48,126,1546.38,34.0,164.0,1536.04,28.0,202.0
95321,zip_code_aggregate,rolling_30_day_avg,USD,1045,908.85,15,249,1618.17,41,140,1277.5,27.0,175.0,1303.05,24,204,742.167,13.0,244.0,909.458,13.0,299.0
95370,zip_code_aggregate,rolling_30_day_avg,USD,188,1277.5,28,168,822.467,29,104,1131.5,34.0,120.0,936.225,21,171,1137.58,20.0,220.0,1430.8,19.0,294.0
95383,zip_code_aggregate,rolling_30_day_avg,USD,320,846.496,14,253,811.517,26,116,826.421,22.0,143.0,982.458,22,170,775.625,13.0,255.0,1207.85,14.0,361.0
91360,zip_code_aggregate,rolling_30_day_avg,USD,125,1956.4,27,268,1524.48,31,179,1226.4,27.0,168.0,1863.02,28,245,2410.52,28.0,317.0,2589.07,22.0,448.0
91361,zip_code_aggregate,rolling_30_day_avg,USD,172,2014.8,26,288,1147.32,49,82,1817.09,32.0,206.0,2618.88,33,287,88.5125,4.0,291.0,4533.3,26.0,648.0
91362,zip_code_aggregate,rolling_30_day_avg,USD,124,2781.3,27,381,1878.53,35,193,2099.36,37.0,203.0,1207.24,24,189,2781.3,27.0,381.0,2999.39,22.0,519.0
93001,zip_code_aggregate,rolling_30_day_avg,USD,951,1910.17,23,314,2087.8,47,156,1711.24,32.0,194.0,1806.75,23,297,2179.05,21.0,398.0,1624.25,15.0,445.0
93003,zip_code_aggregate,rolling_30_day_avg,USD,311,1939.06,28,255,1988.03,46,152,1618.17,31.0,190.0,2087.8,29,264,2299.5,27.0,315.0,1992.9,24.0,312.0
93033,zip_code_aggregate,rolling_30_day_avg,USD,179,1406.47,19,289,3602.55,97,126,2742.37,52.0,184.0,399.067,11,164,2024.84,24.0,317.0,2248.1,22.0,389.0
93035,zip_code_aggregate,rolling_30_day_avg,USD,2397,1435.67,13,472,876.608,25,131,1657.71,28.0,218.0,1131.5,15,310,1102.3,11.0,453.0,1650.71,12.0,603.0
95605,zip_code_aggregate,rolling_30_day_avg,USD,794,936.225,22,162,5436.98,58,325,1058.5,33.0,116.0,976.679,22,169,621.412,12.0,227.0,1023.83,14.0,306.0
95616,zip_code_aggregate,rolling_30_day_avg,USD,1689,1560.38,33,171,2412.04,64,130,1416.81,37.0,137.0,1920.51,44,154,2390.75,33.0,262.0,910.067,11.0,374.0
95617,zip_code_aggregate,rolling_30_day_avg,USD,424,2014.19,46,154,1274.76,36,127,1384.26,44.0,111.0,2621.31,65,139,2944.33,47.0,220.0,,,
95691,zip_code_aggregate,rolling_30_day_avg,USD,662,1213.62,24,190,2161.71,72,103,1460.0,35.0,150.0,866.267,19,178,799.35,15.0,219.0,1703.33,23.0,280.0
